time,seconds_elapsed,z,y,x
1778582563330000000,0.0,7.156932353973389,-0.16331014037132263,6.220142364501953
1778582563340774896,0.010774896,7.51585578918457,-0.10767702013254166,6.44686222076416
1778582563351549739,0.021549739000000002,7.703692436218262,-0.18903298676013947,6.50608491897583
1778582563362324583,0.032324583000000004,7.748558044433594,-0.1746760457754135,6.573083877563477
1778582563373099427,0.043099427,7.748558044433594,-0.1746760457754135,6.573083877563477
1778582563383874271,0.053874271,7.476972579956055,-0.09930214285850525,6.604788780212402
1778582563394649167,0.06464916700000001,7.424928665161133,-0.0729810893535614,6.463014125823975
1778582563405424062,0.075424062,7.393223762512207,-0.07896314561367035,6.372086524963379
1778582563416198854,0.086198854,7.432705402374268,-0.052043892443180084,6.360720634460449
1778582563426973750,0.09697375000000001,7.46500825881958,-0.06340979784727097,6.4426751136779785
1778582563437748594,0.107748594,7.46500825881958,-0.06340979784727097,6.4426751136779785
1778582563448523437,0.11852343700000001,7.686344623565674,-0.06640082597732544,6.437291145324707
1778582563459298333,0.12929833300000002,7.686344623565674,-0.06640082597732544,6.437291145324707
1778582563470073125,0.14007312500000002,7.5637125968933105,-0.13639089465141296,6.401997089385986
1778582563480848021,0.150848021,7.5637125968933105,-0.13639089465141296,6.401997089385986
1778582563491622917,0.161622917,7.320840835571289,-0.0729810893535614,6.45822811126709
1778582563502397760,0.17239776,7.320840835571289,-0.0729810893535614,6.45822811126709
1778582563513172604,0.18317260400000002,7.129415035247803,-0.0933200865983963,6.364310264587402
1778582563523947448,0.19394744800000002,7.129415035247803,-0.0933200865983963,6.364310264587402
1778582563534722292,0.204722292,7.406982421875,-0.15194423496723175,6.452246189117432
1778582563545497187,0.215497187,7.558926582336426,-0.18544375896453857,6.503093719482422
1778582563556272083,0.226272083,7.664210796356201,-0.19680966436862946,6.531209468841553
1778582563567046927,0.23704692700000002,7.664210796356201,-0.19680966436862946,6.531209468841553
1778582563577821771,0.24782177100000002,7.610970497131348,-0.17108681797981262,6.50608491897583
1778582563588596614,0.258596614,7.610970497131348,-0.17108681797981262,6.50608491897583
1778582563599371458,0.269371458,7.262216567993164,-0.129810631275177,6.402595043182373
1778582563610146354,0.28014635400000004,7.258627414703369,-0.1537388563156128,6.4115681648254395
1778582563620921250,0.29092125,7.33340311050415,-0.17946170270442963,6.44686222076416
1778582563631696094,0.301696094,7.33340311050415,-0.17946170270442963,6.44686222076416
1778582563642470937,0.312470937,7.461419105529785,-0.19262222945690155,6.448657035827637
1778582563653245781,0.323245781,7.405786037445068,-0.19202402234077454,6.453442573547363
1778582563664020625,0.334020625,7.3914289474487305,-0.2069791555404663,6.510870456695557
1778582563674795521,0.34479552100000005,7.3914289474487305,-0.2069791555404663,6.510870456695557
1778582563685570417,0.355570417,7.456633567810059,-0.16809579730033875,6.365506649017334
1778582563696345208,0.36634520800000003,7.456633567810059,-0.16809579730033875,6.365506649017334
1778582563707120104,0.377120104,7.595417499542236,-0.22372891008853912,6.3254265785217285
1778582563717894948,0.387894948,7.595417499542236,-0.22372891008853912,6.3254265785217285
1778582563728669792,0.398669792,7.550551891326904,-0.2799602448940277,6.486942291259766
1778582563739444687,0.40944468700000003,7.550551891326904,-0.2799602448940277,6.486942291259766
1778582563750219583,0.420219583,7.461419105529785,-0.27397820353507996,6.496513366699219
1778582563760994375,0.43099437500000004,7.381857872009277,-0.26201409101486206,6.44686222076416
1778582563771769271,0.441769271,7.27956485748291,-0.267397940158844,6.425925254821777
1778582563782544114,0.45254411400000005,7.27956485748291,-0.267397940158844,6.425925254821777
1778582563793318958,0.463318958,7.17786979675293,-0.20338992774486542,6.40438985824585
1778582563804093854,0.47409385400000004,7.17786979675293,-0.20338992774486542,6.40438985824585
1778582563814868750,0.48486875,7.521838188171387,-0.20338992774486542,6.431309223175049
1778582563825643542,0.49564354200000005,7.521838188171387,-0.20338992774486542,6.431309223175049
1778582563836418437,0.506418437,7.548757076263428,-0.1621137410402298,6.483951091766357
1778582563847193281,0.5171932810000001,7.548757076263428,-0.1621137410402298,6.483951091766357
1778582563857968125,0.527968125,7.41834831237793,-0.14297115802764893,6.57966423034668
1778582563868743021,0.538743021,7.41834831237793,-0.14297115802764893,6.57966423034668
1778582563879517917,0.5495179170000001,7.34476900100708,-0.11904292553663254,6.409175395965576
1778582563890292760,0.5602927600000001,7.34476900100708,-0.11904292553663254,6.409175395965576
1778582563901067604,0.571067604,7.366902828216553,-0.10887342691421509,6.366104602813721
1778582563911842448,0.5818424480000001,7.366902828216553,-0.10887342691421509,6.366104602813721
1778582563922617292,0.592617292,7.48056173324585,-0.23808585107326508,6.401997089385986
1778582563933392187,0.6033921870000001,7.4602227210998535,-0.2147558331489563,6.425925254821777
1778582563944167083,0.614167083,7.499704360961914,-0.22612173855304718,6.4187469482421875
1778582563954941927,0.6249419270000001,7.588837146759033,-0.26440688967704773,6.386443614959717
1778582563965716771,0.635716771,7.567899703979492,-0.20997019112110138,6.318248271942139
1778582563976491614,0.646491614,7.567899703979492,-0.20997019112110138,6.318248271942139
1778582563987266458,0.657266458,7.51286506652832,-0.1621137410402298,6.314659118652344
1778582563998041354,0.6680413540000001,7.458428382873535,-0.14297115802764893,6.461219310760498
1778582564008816250,0.67881625,7.39561653137207,-0.09690931439399719,6.4947190284729
1778582564019591094,0.6895910940000001,7.3292155265808105,-0.0933200865983963,6.4325056076049805
1778582564030365937,0.700365937,7.325626373291016,-0.15672987699508667,6.480959892272949
1778582564041140833,0.7111408330000001,7.325626373291016,-0.15672987699508667,6.480959892272949
1778582564051915625,0.7219156250000001,7.474579811096191,-0.23988047242164612,6.595815658569336
1778582564062690521,0.7326905210000001,7.574480056762695,-0.23808585107326508,6.495316982269287
1778582564073465417,0.743465417,7.526623725891113,-0.21415762603282928,6.378666877746582
1778582564084240260,0.75424026,7.526623725891113,-0.21415762603282928,6.378666877746582
1778582564095015104,0.7650151040000001,7.456633567810059,-0.17647066712379456,6.38464879989624
1778582564105790000,0.7757900000000001,7.456633567810059,-0.17647066712379456,6.38464879989624
1778582564116564792,0.7865647920000001,7.402196884155273,-0.18424734473228455,6.447460651397705
1778582564127339687,0.797339687,7.402196884155273,-0.18424734473228455,6.447460651397705
1778582564138114583,0.808114583,7.592426300048828,-0.1902294009923935,6.486942291259766
1778582564148889427,0.818889427,7.592426300048828,-0.1902294009923935,6.486942291259766
1778582564159664271,0.8296642710000001,7.5080790519714355,-0.13938191533088684,6.4217376708984375
1778582564170439167,0.8404391670000001,7.5080790519714355,-0.13938191533088684,6.4217376708984375
1778582564181214062,0.851214062,7.396214962005615,-0.1459621787071228,6.391229152679443
1778582564191988906,0.861988906,7.396214962005615,-0.1459621787071228,6.391229152679443
1778582564202763750,0.8727637500000001,7.3914289474487305,-0.08255238085985184,6.3702921867370605
1778582564213538594,0.883538594,7.3914289474487305,-0.08255238085985184,6.3702921867370605
1778582564224313437,0.8943134370000001,7.360920429229736,-0.07597211748361588,6.423532485961914
1778582564235088281,0.905088281,7.360920429229736,-0.07597211748361588,6.423532485961914
1778582564245863229,0.9158632290000001,7.33340311050415,-0.13639089465141296,6.386443614959717
1778582564256638073,0.926638073,7.33340311050415,-0.13639089465141296,6.386443614959717
1778582564267412917,0.9374129170000001,7.481758117675781,-0.24167509377002716,6.454638957977295
1778582564278187812,0.948187812,7.481758117675781,-0.24167509377002716,6.454638957977295
1778582564288962708,0.958962708,7.608577728271484,-0.20937198400497437,6.445067882537842
1778582564299737500,0.9697375,7.611568927764893,-0.22073788940906525,6.488138675689697
1778582564310512396,0.9805123960000001,7.5702924728393555,-0.16809579730033875,6.421139717102051
1778582564321287239,0.991287239,7.5702924728393555,-0.16809579730033875,6.421139717102051
1778582564332062083,1.002062083,7.613363265991211,-0.2189432680606842,6.39601469039917
1778582564342836979,1.012836979,7.613363265991211,-0.2189432680606842,6.39601469039917
1778582564353611875,1.023611875,7.551149845123291,-0.24825534224510193,6.410371780395508
1778582564364386719,1.034386719,7.551149845123291,-0.24825534224510193,6.410371780395508
1778582564375161458,1.0451614580000002,7.476972579956055,-0.21595224738121033,6.3254265785217285
1778582564385936406,1.055936406,7.476972579956055,-0.21595224738121033,6.3254265785217285
1778582564396711250,1.06671125,7.478767395019531,-0.2386840581893921,6.409175395965576
1778582564407486146,1.077486146,7.443472862243652,-0.22552353143692017,6.4456658363342285
1778582564418261042,1.088261042,7.378866672515869,-0.18305093050003052,6.423532485961914
1778582564429035885,1.0990358850000002,7.378866672515869,-0.18305093050003052,6.423532485961914
1778582564439810729,1.109810729,7.383054256439209,-0.17108681797981262,6.448657035827637
1778582564450585625,1.1205856250000001,7.383054256439209,-0.17108681797981262,6.448657035827637
1778582564461360521,1.1313605210000002,7.486543655395508,-0.22372891008853912,6.486942291259766
1778582564472135364,1.142135364,7.486543655395508,-0.22372891008853912,6.486942291259766
1778582564482910208,1.152910208,7.660621643066406,-0.29431718587875366,6.44686222076416
1778582564493685052,1.1636850520000002,7.660621643066406,-0.29431718587875366,6.44686222076416
1778582564504459896,1.1744598960000001,7.573283672332764,-0.267397940158844,6.361319065093994
1778582564515234792,1.1852347920000001,7.662416458129883,-0.2925225794315338,6.376872539520264
1778582564526009687,1.196009687,7.584051132202148,-0.2829512655735016,6.449853420257568
1778582564536784531,1.206784531,7.584051132202148,-0.2829512655735016,6.449853420257568
1778582564547559375,1.217559375,7.427919864654541,-0.30568310618400574,6.419943332672119
1778582564558334271,1.228334271,7.427919864654541,-0.30568310618400574,6.419943332672119
1778582564569109167,1.239109167,7.239484786987305,-0.3122633695602417,6.518647193908691
1778582564579884010,1.2498840100000002,7.239484786987305,-0.3122633695602417,6.518647193908691
1778582564590658854,1.260658854,7.316653251647949,-0.3122633695602417,6.5252275466918945
1778582564601433750,1.2714337500000001,7.316653251647949,-0.3122633695602417,6.5252275466918945
1778582564612208542,1.282208542,7.534400463104248,-0.3086741268634796,6.306882381439209
1778582564622983489,1.292983489,7.534400463104248,-0.3086741268634796,6.306882381439209
1778582564633758333,1.303758333,7.649255752563477,-0.4534398913383484,6.426523208618164
1778582564644533177,1.3145331770000002,7.573283672332764,-0.41515472531318665,6.483353137969971
1778582564655308021,1.3253080210000001,7.345367431640625,-0.41874396800994873,6.49770975112915
1778582564666082917,1.3360829170000001,7.345367431640625,-0.41874396800994873,6.49770975112915
1778582564676857812,1.346857812,6.988836765289307,-0.3152543902397156,6.453442573547363
1778582564687632656,1.357632656,6.988836765289307,-0.3152543902397156,6.453442573547363
1778582564698407500,1.3684075,6.984649181365967,-0.29790642857551575,6.507281303405762
1778582564709182396,1.379182396,6.984649181365967,-0.29790642857551575,6.507281303405762
1778582564719957292,1.389957292,6.883552551269531,-0.4055834412574768,6.562315940856934
1778582564730732135,1.4007321350000002,6.883552551269531,-0.4055834412574768,6.562315940856934
1778582564741506979,1.411506979,6.750152587890625,-0.3696911036968231,6.430710792541504
1778582564752281875,1.4222818750000001,6.750152587890625,-0.3696911036968231,6.430710792541504
1778582564763056771,1.4330567710000002,7.299903869628906,-0.5509474277496338,6.588637351989746
1778582564773831562,1.4438315620000002,7.299903869628906,-0.5509474277496338,6.588637351989746
1778582564784606458,1.454606458,7.165905475616455,-0.5383850932121277,6.495316982269287
1778582564795381302,1.4653813020000002,7.165905475616455,-0.5383850932121277,6.495316982269287
1778582564806156146,1.4761561460000001,7.024130821228027,-0.3002992272377014,6.480959892272949
1778582564816931042,1.4869310420000001,7.024130821228027,-0.3002992272377014,6.480959892272949
1778582564827705937,1.497705937,7.124629497528076,-0.3535395562648773,6.335596084594727
1778582564838480781,1.508480781,7.124629497528076,-0.3535395562648773,6.335596084594727
1778582564849255625,1.519255625,7.616354465484619,-0.5880361795425415,6.547959327697754
1778582564860030521,1.530030521,7.811967849731445,-0.6975077986717224,6.608377933502197
1778582564870805417,1.540805417,7.917252063751221,-0.9230313301086426,6.7070817947387695
1778582564881580260,1.5515802600000002,7.917252063751221,-0.9230313301086426,6.7070817947387695
1778582564892355104,1.562355104,7.517052173614502,-0.836291491985321,6.600003242492676
1778582564903130000,1.5731300000000001,7.517052173614502,-0.836291491985321,6.600003242492676
1778582564913904896,1.5839048960000002,7.1611199378967285,-0.6849454641342163,6.612565517425537
1778582564924679739,1.594679739,7.1611199378967285,-0.6849454641342163,6.612565517425537
1778582564935454583,1.605454583,7.369295597076416,-0.5880361795425415,6.3529438972473145
1778582564946229479,1.616229479,7.369295597076416,-0.5880361795425415,6.3529438972473145
1778582564957004375,1.627004375,7.606184959411621,-0.6801598072052002,6.355935096740723
1778582564967779219,1.637779219,7.606184959411621,-0.6801598072052002,6.355935096740723
1778582564978554062,1.648554062,7.788039684295654,-1.033101201057434,6.714858531951904
1778582564989328958,1.6593289580000001,7.788039684295654,-1.033101201057434,6.714858531951904
1778582565000103854,1.6701038540000002,7.552346706390381,-1.1282159090042114,6.774080753326416
1778582565010878698,1.6808786980000001,7.552346706390381,-1.1282159090042114,6.774080753326416
1778582565021653542,1.691653542,7.22871732711792,-0.9768698215484619,6.696314334869385
1778582565032428437,1.702428437,7.22871732711792,-0.9768698215484619,6.696314334869385
1778582565043203333,1.713203333,7.204190731048584,-0.9565308690071106,6.672386169433594
1778582565053978177,1.723978177,7.0097737312316895,-0.9050851464271545,6.637091636657715
1778582565064753021,1.7347530210000002,6.495915412902832,-0.625723123550415,6.131010055541992
1778582565075527917,1.7455279170000002,6.64486837387085,-0.6664010882377625,5.952146530151367
1778582565086302812,1.7563028120000002,7.207779884338379,-0.7501499056816101,5.796014785766602
1778582565097077656,1.767077656,7.967501163482666,-0.9020941257476807,5.931807518005371
1778582565107852500,1.7778525,8.501100540161133,-1.2993026971817017,6.252445697784424
1778582565118627396,1.788627396,8.443673133850098,-1.5780665874481201,6.7178497314453125
1778582565129402292,1.7994022920000001,8.192426681518555,-1.8400806188583374,7.2227349281311035
1778582565140177135,1.8101771350000002,7.789834022521973,-1.801795482635498,7.456633567810059
1778582565150951979,1.8209519790000002,7.373483180999756,-1.5224334001541138,7.35314416885376
1778582565161726875,1.8317268750000002,7.373483180999756,-1.5224334001541138,7.35314416885376
1778582565172501667,1.842501667,6.764509677886963,-0.8877372145652771,6.751947402954102
1778582565183276614,1.853276614,6.6729841232299805,-0.8428717851638794,6.531209468841553
1778582565194051458,1.864051458,6.837490558624268,-0.9104689955711365,6.424728870391846
1778582565204826354,1.874826354,6.837490558624268,-0.9104689955711365,6.424728870391846
1778582565215601250,1.8856012500000001,7.252047061920166,-1.0217353105545044,6.562315940856934
1778582565226376094,1.896376094,7.252047061920166,-1.0217353105545044,6.562315940856934
1778582565237150937,1.9071509370000002,7.034300327301025,-1.1856436729431152,6.488138675689697
1778582565247925833,1.9179258330000002,7.034300327301025,-1.1856436729431152,6.488138675689697
1778582565258700729,1.9287007290000002,6.937989234924316,-1.3010972738265991,6.820741176605225
1778582565269475573,1.9394755730000002,6.937989234924316,-1.3010972738265991,6.820741176605225
1778582565280250417,1.9502504170000001,7.070192813873291,-1.4189438819885254,6.9690961837768555
1778582565291025312,1.961025312,7.070192813873291,-1.4189438819885254,6.9690961837768555
1778582565301800208,1.971800208,7.229913711547852,-1.337587833404541,6.7178497314453125
1778582565312575052,1.982575052,7.229913711547852,-1.337587833404541,6.7178497314453125
1778582565323349896,1.9933498960000002,7.214360237121582,-1.3100703954696655,6.593422889709473
1778582565334124792,2.0041247920000003,7.214360237121582,-1.3100703954696655,6.593422889709473
1778582565344899687,2.014899687,7.3645100593566895,-1.3692927360534668,6.473781585693359
1778582565355674531,2.025674531,7.3914289474487305,-1.490728497505188,6.658029079437256
1778582565366449375,2.036449375,7.121638298034668,-1.5254244804382324,6.8554368019104
1778582565377224271,2.047224271,7.121638298034668,-1.5254244804382324,6.8554368019104
1778582565387999167,2.057999167,6.626922130584717,-1.4267204999923706,6.834499835968018
1778582565398774062,2.068774062,6.626922130584717,-1.4267204999923706,6.834499835968018
1778582565409548958,2.079548958,7.074978351593018,-1.2436695098876953,6.527021884918213
1778582565420323802,2.0903238020000003,7.074978351593018,-1.2436695098876953,6.527021884918213
1778582565431098646,2.101098646,6.949355125427246,-1.3938192129135132,6.623931407928467
1778582565441873542,2.111873542,6.949355125427246,-1.3938192129135132,6.623931407928467
1778582565452648333,2.1226483330000003,7.088139057159424,-1.2532408237457275,6.523432731628418
1778582565463423281,2.1334232810000002,7.292725086212158,-1.4398809671401978,6.493522644042969
1778582565474198125,2.144198125,7.289135932922363,-1.5702898502349854,6.625725746154785
1778582565484973021,2.154973021,7.289135932922363,-1.5702898502349854,6.625725746154785
1778582565495747917,2.165747917,7.105486869812012,-1.7359927892684937,7.0097737312316895
1778582565506522760,2.17652276,7.105486869812012,-1.7359927892684937,7.0097737312316895
1778582565517297604,2.1872976040000003,6.85962438583374,-1.3489537239074707,6.68435001373291
1778582565528072500,2.1980725000000003,6.85962438583374,-1.3489537239074707,6.68435001373291
1778582565538847396,2.2088473960000004,6.811768054962158,-1.358525037765503,6.75374174118042
1778582565549622292,2.219622292,6.811768054962158,-1.358525037765503,6.75374174118042
1778582565560397083,2.230397083,7.16949462890625,-1.4685949087142944,6.700501441955566
1778582565571172031,2.241172031,7.16949462890625,-1.4685949087142944,6.700501441955566
1778582565581946875,2.2519468750000002,6.783652305603027,-1.3058829307556152,6.605386734008789
1778582565592721771,2.2627217710000003,6.783652305603027,-1.3058829307556152,6.605386734008789
1778582565603496667,2.2734966670000003,6.7417778968811035,-1.4464613199234009,6.657430648803711
1778582565614271510,2.28427151,6.7417778968811035,-1.4464613199234009,6.657430648803711
1778582565625046354,2.295046354,6.333203315734863,-1.5463616847991943,6.903293132781982
1778582565635821250,2.30582125,6.542575359344482,-1.5996019840240479,6.901498794555664
1778582565646596146,2.316596146,6.698707103729248,-1.657029628753662,6.965506553649902
1778582565657371042,2.3273710420000002,6.698707103729248,-1.657029628753662,6.965506553649902
1778582565668145937,2.338145937,6.705287456512451,-1.6085749864578247,6.820741176605225
1778582565678920781,2.3489207810000003,6.705287456512451,-1.6085749864578247,6.820741176605225
1778582565689695625,2.359695625,7.16650390625,-1.618146300315857,6.665805816650391
1778582565700470521,2.370470521,7.16650390625,-1.618146300315857,6.665805816650391
1778582565711245417,2.381245417,6.8997039794921875,-1.8005990982055664,6.772884368896484
1778582565722020260,2.3920202600000002,6.8997039794921875,-1.8005990982055664,6.772884368896484
1778582565732795104,2.402795104,6.673582553863525,-1.8179470300674438,6.7417778968811035
1778582565743570000,2.41357,6.673582553863525,-1.8179470300674438,6.7417778968811035
1778582565754344896,2.424344896,6.823133945465088,-1.8047864437103271,6.721438884735107
1778582565765119792,2.435119792,6.823133945465088,-1.8047864437103271,6.721438884735107
1778582565775894687,2.445894687,6.866204738616943,-1.8717855215072632,6.7417778968811035
1778582565786669531,2.456669531,6.866204738616943,-1.8717855215072632,6.7417778968811035
1778582565797444375,2.4674443750000004,7.079763889312744,-1.933998942375183,6.753143787384033
1778582565808219271,2.478219271,7.079763889312744,-1.933998942375183,6.753143787384033
1778582565818994167,2.488994167,6.761518478393555,-1.8813568353652954,6.708278179168701
1778582565829769062,2.4997690620000004,6.761518478393555,-1.8813568353652954,6.708278179168701
1778582565840543958,2.510543958,6.69571590423584,-1.8652052879333496,6.764509677886963
1778582565851318802,2.521318802,6.69571590423584,-1.8652052879333496,6.764509677886963
1778582565862093646,2.5320936460000003,6.911069869995117,-2.197209358215332,7.058228492736816
1778582565872868542,2.5428685420000003,6.911069869995117,-2.197209358215332,7.058228492736816
1778582565883643437,2.5536434370000003,7.118647575378418,-2.2917258739471436,7.229913711547852
1778582565894418333,2.5644183330000003,7.118647575378418,-2.2917258739471436,7.229913711547852
1778582565905193229,2.5751932290000004,6.952346324920654,-2.2534406185150146,7.173084259033203
1778582565915968073,2.585968073,6.952346324920654,-2.2534406185150146,7.173084259033203
1778582565926742917,2.5967429170000003,6.813562393188477,-2.179861545562744,6.753143787384033
1778582565937517812,2.607517812,6.813562393188477,-2.179861545562744,6.753143787384033
1778582565948292708,2.6182927080000002,6.515655994415283,-1.950150489807129,6.674778938293457
1778582565959067604,2.6290676040000003,6.515655994415283,-1.950150489807129,6.674778938293457
1778582565969842500,2.6398425000000003,6.309873104095459,-1.841277003288269,6.6352972984313965
1778582565980617344,2.650617344,6.309873104095459,-1.841277003288269,6.6352972984313965
1778582565991392187,2.661392187,6.079564094543457,-1.939382791519165,6.738786697387695
1778582566002167083,2.672167083,6.182455539703369,-1.903490424156189,6.675376892089844
1778582566012941979,2.682941979,6.266204357147217,-1.9040886163711548,6.571887493133545
1778582566023716875,2.6937168750000002,6.266204357147217,-1.9040886163711548,6.571887493133545
1778582566034491771,2.7044917710000003,6.63051176071167,-2.1894326210021973,6.900302410125732
1778582566045266614,2.7152666140000004,6.63051176071167,-2.1894326210021973,6.900302410125732
1778582566056041458,2.726041458,6.478567123413086,-2.2121646404266357,6.8518476486206055
1778582566066816406,2.736816406,6.478567123413086,-2.2121646404266357,6.8518476486206055
1778582566077591250,2.74759125,6.452844619750977,-2.235494613647461,7.120441913604736
1778582566088366146,2.758366146,6.452844619750977,-2.235494613647461,7.120441913604736
1778582566099141042,2.769141042,6.881159782409668,-2.365305185317993,7.137789726257324
1778582566109915937,2.779915937,6.881159782409668,-2.365305185317993,7.137789726257324
1778582566120690833,2.790690833,7.195217609405518,-2.355733871459961,7.204789161682129
1778582566131465677,2.8014656770000004,7.195217609405518,-2.355733871459961,7.204789161682129
1778582566142240521,2.812240521,7.059424877166748,-2.5196423530578613,7.313064098358154
1778582566153015417,2.823015417,7.059424877166748,-2.5196423530578613,7.313064098358154
1778582566163790312,2.833790312,6.656234264373779,-2.389233350753784,7.0546393394470215
1778582566174565208,2.844565208,6.656234264373779,-2.389233350753784,7.0546393394470215
1778582566185340104,2.855340104,6.850651264190674,-2.5088746547698975,6.961917400360107
1778582566196114948,2.8661149480000003,6.850651264190674,-2.5088746547698975,6.961917400360107
1778582566206889896,2.8768898960000002,6.957131862640381,-2.530410051345825,7.160521984100342
1778582566217664739,2.8876647390000003,6.957131862640381,-2.530410051345825,7.160521984100342
1778582566228439583,2.898439583,6.724429607391357,-2.4131617546081543,7.145566463470459
1778582566239214479,2.909214479,6.724429607391357,-2.4131617546081543,7.145566463470459
1778582566249989375,2.919989375,6.662216663360596,-2.1098713874816895,6.901498794555664
1778582566260764271,2.930764271,6.662216663360596,-2.1098713874816895,6.901498794555664
1778582566271539167,2.941539167,6.563512325286865,-1.9992033243179321,6.839883327484131
1778582566282314010,2.9523140100000003,6.563512325286865,-1.9992033243179321,6.839883327484131
1778582566293088854,2.963088854,6.421139717102051,-2.2241287231445312,7.021738052368164
1778582566303863802,2.9738638020000003,6.421139717102051,-2.2241287231445312,7.021738052368164
1778582566314638646,2.984638646,6.6352972984313965,-2.389233350753784,7.045068264007568
1778582566325413542,2.995413542,6.6352972984313965,-2.389233350753784,7.045068264007568
1778582566336188437,3.006188437,6.603592395782471,-2.5016961097717285,6.994220733642578
1778582566346963333,3.016963333,6.603592395782471,-2.5016961097717285,6.994220733642578
1778582566357738229,3.027738229,6.737590312957764,-2.3742783069610596,7.17786979675293
1778582566368513073,3.0385130730000003,6.737590312957764,-2.3742783069610596,7.17786979675293
1778582566379288021,3.049288021,6.564708709716797,-2.135594129562378,7.013363361358643
1778582566390062864,3.0600628640000003,6.564708709716797,-2.135594129562378,7.013363361358643
1778582566400837708,3.070837708,6.089733600616455,-2.0374884605407715,6.901498794555664
1778582566411612604,3.081612604,6.22492790222168,-2.1272194385528564,6.967301368713379
1778582566422387500,3.0923875,6.656234264373779,-2.2498514652252197,7.024130821228027
1778582566433162396,3.103162396,6.656234264373779,-2.2498514652252197,7.024130821228027
1778582566443937292,3.113937292,6.5252275466918945,-2.0757737159729004,7.034300327301025
1778582566454712187,3.124712187,6.5252275466918945,-2.0757737159729004,7.034300327301025
1778582566465487083,3.135487083,6.515655994415283,-2.0374884605407715,7.210771083831787
1778582566476261927,3.1462619270000003,6.515655994415283,-2.0374884605407715,7.210771083831787
1778582566487036771,3.157036771,6.745367050170898,-2.0171494483947754,7.253841876983643
1778582566497811719,3.1678117190000004,6.745367050170898,-2.0171494483947754,7.253841876983643
1778582566508586562,3.178586562,6.798008918762207,-2.0823538303375244,7.133004188537598
1778582566519361458,3.189361458,6.798008918762207,-2.0823538303375244,7.133004188537598
1778582566530136354,3.200136354,6.722635269165039,-2.2360928058624268,7.246663570404053
1778582566540911250,3.21091125,6.722635269165039,-2.2360928058624268,7.246663570404053
1778582566551686146,3.221686146,7.037291526794434,-2.406581401824951,7.5637125968933105
1778582566562460989,3.2324609890000002,7.037291526794434,-2.406581401824951,7.5637125968933105
1778582566573235937,3.243235937,6.652645111083984,-2.1403799057006836,7.1820573806762695
1778582566584010781,3.2540107810000003,6.652645111083984,-2.1403799057006836,7.1820573806762695
1778582566594785625,3.264785625,6.296712875366211,-2.1672990322113037,7.112067222595215
1778582566605560573,3.2755605730000004,6.296712875366211,-2.1672990322113037,7.112067222595215
1778582566616335417,3.286335417,6.259026050567627,-1.9184455871582031,6.898507595062256
1778582566627110312,3.297110312,6.259026050567627,-1.9184455871582031,6.898507595062256
1778582566637885208,3.307885208,6.527021884918213,-2.163709878921509,7.110272407531738
1778582566648660104,3.318660104,6.527021884918213,-2.163709878921509,7.110272407531738
1778582566659435000,3.329435,6.32363224029541,-2.1332013607025146,7.112665176391602
1778582566670209896,3.340209896,6.32363224029541,-2.1332013607025146,7.112665176391602
1778582566680984792,3.350984792,6.569494724273682,-2.0506489276885986,6.925426959991455
1778582566691759687,3.361759687,6.569494724273682,-2.0506489276885986,6.925426959991455
1778582566702534583,3.372534583,6.512066841125488,-1.95852530002594,7.024729251861572
1778582566713309427,3.3833094270000004,6.512066841125488,-1.95852530002594,7.024729251861572
1778582566724084375,3.3940843750000003,6.492924213409424,-1.929213285446167,6.81595516204834
1778582566734859219,3.404859219,6.492924213409424,-1.929213285446167,6.81595516204834
1778582566745634062,3.415634062,6.8518476486206055,-2.1003000736236572,7.140780925750732
1778582566756408958,3.426408958,6.799205780029297,-2.0614166259765625,7.201797962188721
1778582566767183854,3.437183854,6.533003807067871,-2.018345832824707,7.187440872192383
1778582566777958750,3.44795875,6.533003807067871,-2.018345832824707,7.187440872192383
1778582566788733646,3.458733646,6.364310264587402,-1.8370895385742188,6.87816858291626
1778582566799508542,3.4695085420000003,6.364310264587402,-1.8370895385742188,6.87816858291626
1778582566810283437,3.480283437,6.445067882537842,-1.8508483171463013,6.988238334655762
1778582566821058333,3.4910583330000002,6.343372821807861,-1.908874273300171,7.003791809082031
1778582566831833229,3.5018332290000003,6.46241569519043,-1.978864312171936,7.0408806800842285
1778582566842608073,3.512608073,6.46241569519043,-1.978864312171936,7.0408806800842285
1778582566853383021,3.5233830210000003,6.61914587020874,-1.8699909448623657,7.22871732711792
1778582566864157864,3.5341578640000004,6.61914587020874,-1.8699909448623657,7.22871732711792
1778582566874932812,3.5449328120000003,6.502495765686035,-1.8987047672271729,7.085147857666016
1778582566885707656,3.555707656,6.502495765686035,-1.8987047672271729,7.085147857666016
1778582566896482500,3.5664825,6.600003242492676,-1.9052850008010864,7.321439266204834
1778582566907257396,3.5772573960000003,6.600003242492676,-1.9052850008010864,7.321439266204834
1778582566918032292,3.5880322920000003,6.409773826599121,-1.8305093050003052,7.139584541320801
1778582566928807187,3.5988071870000002,6.409773826599121,-1.8305093050003052,7.139584541320801
1778582566939582083,3.6095820830000003,6.40020227432251,-1.7940187454223633,6.963712215423584
1778582566950356979,3.6203569790000003,6.40020227432251,-1.7940187454223633,6.963712215423584
1778582566961131875,3.6311318750000003,6.543771743774414,-1.9722840785980225,7.262216567993164
1778582566971906771,3.6419067710000004,6.596413612365723,-2.0997018814086914,7.214360237121582
1778582566982681667,3.6526816670000004,6.547360897064209,-2.084148406982422,7.192226886749268
1778582566993456562,3.6634565620000004,6.547360897064209,-2.084148406982422,7.192226886749268
1778582567004231458,3.6742314580000004,6.486343860626221,-1.937588095664978,7.0307111740112305
1778582567015006354,3.6850063540000004,6.486343860626221,-1.937588095664978,7.0307111740112305
1778582567025781250,3.69578125,6.606583118438721,-1.867598056793213,7.033702373504639
1778582567036556094,3.706556094,6.541378974914551,-1.872383713722229,7.0959153175354
1778582567047331042,3.717331042,6.492924213409424,-1.841277003288269,7.037291526794434
1778582567058105885,3.728105885,6.492924213409424,-1.841277003288269,7.037291526794434
1778582567068880729,3.7388807290000003,6.442076683044434,-1.9070796966552734,7.062416076660156
1778582567079655677,3.7496556770000002,6.442076683044434,-1.9070796966552734,7.062416076660156
1778582567090430521,3.7604305210000004,6.669992923736572,-2.0679969787597656,7.244270324707031
1778582567101205469,3.7712054690000003,6.669992923736572,-2.0679969787597656,7.244270324707031
1778582567111980312,3.7819803120000004,6.677769660949707,-2.105085611343384,7.2095746994018555
1778582567122755260,3.7927552600000003,6.677769660949707,-2.105085611343384,7.2095746994018555
1778582567133530104,3.803530104,6.407381057739258,-1.7910277843475342,7.15513801574707
1778582567144305000,3.814305,6.407381057739258,-1.7910277843475342,7.15513801574707
1778582567155079896,3.825079896,6.14835786819458,-1.7473586797714233,7.043871879577637
1778582567165854792,3.835854792,6.14835786819458,-1.7473586797714233,7.043871879577637
1778582567176629687,3.846629687,6.4803619384765625,-1.8305093050003052,7.152146816253662
1778582567187404583,3.857404583,6.4803619384765625,-1.8305093050003052,7.152146816253662
1778582567198179479,3.868179479,6.588637351989746,-2.0105693340301514,7.28255558013916
1778582567208954375,3.878954375,6.588637351989746,-2.0105693340301514,7.28255558013916
1778582567219729271,3.889729271,6.756732940673828,-2.2582263946533203,7.332805156707764
1778582567230504167,3.9005041670000002,6.840481758117676,-2.434697151184082,7.464410305023193
1778582567241279062,3.911279062,6.777071952819824,-2.39401912689209,7.439285755157471
1778582567252053958,3.9220539580000002,6.777071952819824,-2.39401912689209,7.439285755157471
1778582567262828854,3.9328288540000003,6.518647193908691,-2.186441659927368,7.2335028648376465
1778582567273603750,3.9436037500000003,6.518647193908691,-2.186441659927368,7.2335028648376465
1778582567284378646,3.9543786460000003,6.464210510253906,-1.9914265871047974,7.16650390625
1778582567295153542,3.9651535420000004,6.464210510253906,-1.9914265871047974,7.16650390625
1778582567305928437,3.9759284370000003,6.362515449523926,-1.9968105554580688,7.139584541320801
1778582567316703333,3.9867033330000003,6.362515449523926,-1.9968105554580688,7.139584541320801
1778582567327478229,3.9974782290000004,6.482156753540039,-1.9627127647399902,7.1024956703186035
1778582567338253125,4.008253125,6.5252275466918945,-1.9902302026748657,7.055237770080566
1778582567349028021,4.0190280210000005,6.584449768066406,-2.018345832824707,7.096513748168945
1778582567359802917,4.0298029170000005,6.584449768066406,-2.018345832824707,7.096513748168945
1778582567370577812,4.040577812,6.761518478393555,-2.2133610248565674,7.311867713928223
1778582567381352708,4.0513527080000005,6.68435001373291,-2.163709878921509,7.294519901275635
1778582567392127604,4.0621276040000005,6.616154670715332,-2.0374884605407715,7.307082176208496
1778582567402902500,4.0729025000000005,6.616154670715332,-2.0374884605407715,7.307082176208496
1778582567413677396,4.083677396000001,6.566503524780273,-2.0781664848327637,7.158727169036865
1778582567424452292,4.094452292000001,6.566503524780273,-2.0781664848327637,7.158727169036865
1778582567435227187,4.1052271870000006,6.438487529754639,-2.11405873298645,6.818946361541748
1778582567446002031,4.116002031,6.33499813079834,-2.015354871749878,6.9206414222717285
1778582567456776979,4.126776979000001,6.274579048156738,-1.9369899034500122,6.978667259216309
1778582567467551823,4.137551823,6.274579048156738,-1.9369899034500122,6.978667259216309
1778582567478326771,4.148326771000001,6.223731517791748,-1.953141450881958,6.984649181365967
1778582567489101614,4.159101614,6.223731517791748,-1.953141450881958,6.984649181365967
1778582567499876562,4.169876562000001,6.327221393585205,-1.862214207649231,7.059424877166748
1778582567510651406,4.180651406,6.344569206237793,-1.8418751955032349,7.076773166656494
1778582567521426354,4.191426354,6.407381057739258,-1.8610178232192993,7.098308563232422
1778582567532201198,4.202201198,6.407381057739258,-1.8610178232192993,7.098308563232422
1778582567542976146,4.212976146,6.399005889892578,-1.903490424156189,7.239484786987305
1778582567553750989,4.223750989,6.399005889892578,-1.903490424156189,7.239484786987305
1778582567564525937,4.234525937,6.510870456695557,-1.9369899034500122,7.182655334472656
1778582567575300781,4.245300781,6.510870456695557,-1.9369899034500122,7.182655334472656
1778582567586075729,4.256075729,6.493522644042969,-1.9178473949432373,7.211369037628174
1778582567596850573,4.266850573,6.493522644042969,-1.9178473949432373,7.211369037628174
1778582567607625521,4.277625521,6.580860614776611,-1.872383713722229,6.934998035430908
1778582567618400417,4.288400417,6.580860614776611,-1.872383713722229,6.934998035430908
1778582567629175312,4.299175312,6.792625427246094,-1.9148563146591187,7.145566463470459
1778582567639950208,4.309950208,6.792625427246094,-1.9148563146591187,7.145566463470459
1778582567650725104,4.320725104,6.85962438583374,-1.9920248985290527,7.267002582550049
1778582567661500000,4.3315,6.85962438583374,-1.9920248985290527,7.267002582550049
1778582567672274896,4.342274896,7.0067830085754395,-2.025524377822876,7.171289443969727
1778582567683049792,4.353049792,7.0067830085754395,-2.025524377822876,7.171289443969727
1778582567693824687,4.363824687,6.976872444152832,-2.1990039348602295,7.174280643463135
1778582567704599583,4.374599583,6.976872444152832,-2.1990039348602295,7.174280643463135
1778582567715374479,4.385374479,6.9206414222717285,-1.994417667388916,7.038487911224365
1778582567726149375,4.396149375,6.9206414222717285,-1.994417667388916,7.038487911224365
1778582567736924271,4.406924271,6.794419765472412,-2.0685951709747314,7.276573657989502
1778582567747699167,4.417699167,6.794419765472412,-2.0685951709747314,7.276573657989502
1778582567758474062,4.428474062,6.936792850494385,-2.03629207611084,7.238288402557373
1778582567769248958,4.439248958,6.936792850494385,-2.03629207611084,7.238288402557373
1778582567780023854,4.450023854,6.639484405517578,-1.9417755603790283,7.1473612785339355
1778582567790798750,4.46079875,6.639484405517578,-1.9417755603790283,7.1473612785339355
1778582567801573646,4.471573646,6.454638957977295,-1.7790635824203491,7.206583499908447
1778582567812348542,4.482348542,6.454638957977295,-1.7790635824203491,7.206583499908447
1778582567823123437,4.493123437,6.521637916564941,-1.7186448574066162,7.167700290679932
1778582567833898333,4.503898333,6.521637916564941,-1.7186448574066162,7.167700290679932
1778582567844673229,4.5146732290000005,6.540780544281006,-1.7126628160476685,7.120441913604736
1778582567855448125,4.5254481250000005,6.540780544281006,-1.7126628160476685,7.120441913604736
1778582567866223021,4.5362230210000005,6.826723098754883,-1.7808582782745361,7.121638298034668
1778582567876997917,4.5469979170000006,6.826723098754883,-1.7808582782745361,7.121638298034668
1778582567887772812,4.5577728120000005,6.834499835968018,-1.683350682258606,7.011568546295166
1778582567898547760,4.56854776,6.834499835968018,-1.683350682258606,7.011568546295166
1778582567909322604,4.579322604000001,6.858428001403809,-1.6666009426116943,7.029514789581299
1778582567920097552,4.5900975520000005,6.858428001403809,-1.6666009426116943,7.029514789581299
1778582567930872500,4.6008725,6.839285373687744,-1.5002998113632202,7.140780925750732
1778582567941647344,4.6116473440000005,6.839285373687744,-1.5002998113632202,7.140780925750732
1778582567952422292,4.622422292,6.662216663360596,-1.540379524230957,7.062416076660156
1778582567963197187,4.633197187,6.662216663360596,-1.540379524230957,7.062416076660156
1778582567973972083,4.643972083,6.5712890625,-1.445863127708435,7.137789726257324
1778582567984746979,4.6547469790000005,6.5712890625,-1.445863127708435,7.137789726257324
1778582567995521875,4.6655218750000005,6.598806858062744,-1.4171491861343384,6.97986364364624
1778582568006296771,4.6762967710000005,6.598806858062744,-1.4171491861343384,6.97986364364624
1778582568017071667,4.6870716670000006,6.598806858062744,-1.3148560523986816,6.75374174118042
1778582568027846562,4.6978465620000005,6.598806858062744,-1.3148560523986816,6.75374174118042
1778582568038621458,4.7086214580000005,6.689135551452637,-1.3232308626174927,7.173084259033203
1778582568049396354,4.719396354000001,6.689135551452637,-1.3232308626174927,7.173084259033203
1778582568060171250,4.730171250000001,6.690930366516113,-1.179661512374878,7.086344242095947
1778582568070946146,4.740946146000001,6.690930366516113,-1.179661512374878,7.086344242095947
1778582568081721042,4.751721042000001,6.850651264190674,-1.1330015659332275,6.941578388214111
1778582568092495989,4.7624959890000005,6.850651264190674,-1.1330015659332275,6.941578388214111
1778582568103270833,4.773270833000001,6.878767013549805,-1.2993026971817017,7.201797962188721
1778582568114045781,4.7840457810000006,6.9098734855651855,-1.2263215780258179,7.268796920776367
1778582568124820729,4.7948207290000004,6.756732940673828,-1.1335997581481934,7.2059855461120605
1778582568135595573,4.805595573000001,6.756732940673828,-1.1335997581481934,7.2059855461120605
1778582568146370521,4.8163705210000005,6.4695940017700195,-1.0295119285583496,6.662814617156982
1778582568157145417,4.8271454170000005,6.4695940017700195,-1.0295119285583496,6.662814617156982
1778582568167920312,4.8379203120000005,6.425925254821777,-1.1940184831619263,7.17786979675293
1778582568178695208,4.8486952080000005,6.425925254821777,-1.1940184831619263,7.17786979675293
1778582568189470104,4.859470104000001,6.305087566375732,-1.2215359210968018,7.354340553283691
1778582568200245000,4.870245000000001,6.259026050567627,-1.277169108390808,7.499704360961914
1778582568211019896,4.881019896000001,6.507281303405762,-0.9834501147270203,7.452445983886719
1778582568221794792,4.891794792000001,6.507281303405762,-0.9834501147270203,7.452445983886719
1778582568232569687,4.902569687000001,6.570092678070068,-1.095314621925354,7.3022966384887695
1778582568243344635,4.9133446350000005,6.743572235107422,-1.0552347898483276,7.283154010772705
1778582568254119479,4.924119479000001,6.773482799530029,-0.9194421172142029,7.16949462890625
1778582568264894427,4.934894427000001,6.773482799530029,-0.9194421172142029,7.16949462890625
1778582568275669375,4.9456693750000005,6.453442573547363,-1.1318050622940063,7.33759069442749
1778582568286444271,4.9564442710000005,6.46241569519043,-1.0618150234222412,7.500302791595459
1778582568297219167,4.9672191670000005,6.51745080947876,-0.9774680733680725,7.431509017944336
1778582568307994062,4.9779940620000005,6.531209468841553,-0.9212366938591003,7.273582458496094
1778582568318768958,4.9887689580000005,6.5389862060546875,-0.8123632669448853,7.2813591957092285
1778582568329543854,4.999543854000001,6.558726787567139,-0.7268198728561401,7.162914752960205
1778582568340318750,5.010318750000001,6.601797580718994,-0.6628118753433228,6.997809886932373
1778582568351093646,5.021093646000001,6.620342254638672,-0.5300102233886719,7.040282249450684
1778582568361868542,5.031868542000001,6.431309223175049,-0.5802595019340515,7.193423271179199
1778582568372643489,5.0426434890000005,6.431309223175049,-0.5802595019340515,7.193423271179199
1778582568383418437,5.053418437,6.089135646820068,-0.6185446381568909,7.262216567993164
1778582568394193333,5.064193333,6.089135646820068,-0.6185446381568909,7.262216567993164
1778582568404968229,5.074968229,6.588637351989746,-0.47976094484329224,7.117451190948486
1778582568415743125,5.0857431250000005,6.588637351989746,-0.47976094484329224,7.117451190948486
1778582568426518021,5.0965180210000005,6.665805816650391,-0.36610186100006104,7.153941631317139
1778582568437292864,5.107292864000001,6.626922130584717,-0.3888336718082428,7.265805721282959
1778582568448067812,5.1180678120000005,6.589235305786133,-0.5210371017456055,7.112665176391602
1778582568458842708,5.1288427080000005,6.589235305786133,-0.5210371017456055,7.112665176391602
1778582568469617604,5.139617604000001,6.489933013916016,-0.3535395562648773,6.9690961837768555
1778582568480392552,5.1503925520000005,6.489933013916016,-0.3535395562648773,6.9690961837768555
1778582568491167500,5.1611675,6.053243160247803,-0.45523449778556824,7.038487911224365
1778582568501942344,5.1719423440000005,6.053243160247803,-0.45523449778556824,7.038487911224365
1778582568512717292,5.182717292,6.32363224029541,-0.32602208852767944,7.018148899078369
1778582568523492187,5.193492187,6.32363224029541,-0.32602208852767944,7.018148899078369
1778582568534267083,5.204267083,6.161518096923828,-0.7920243144035339,7.525427341461182
1778582568545041979,5.215041979,6.161518096923828,-0.7920243144035339,7.525427341461182
1778582568555816875,5.2258168750000005,6.200999736785889,-0.5635097622871399,7.611568927764893
1778582568566591823,5.236591823,6.200999736785889,-0.5635097622871399,7.611568927764893
1778582568577366667,5.2473666670000005,6.20638370513916,-0.4630111753940582,7.455437183380127
1778582568588141614,5.258141614,6.20638370513916,-0.4630111753940582,7.455437183380127
1778582568598916562,5.268916562,6.888936519622803,-0.4695914387702942,7.656434059143066
1778582568609691458,5.279691458,6.888936519622803,-0.4695914387702942,7.656434059143066
1778582568620466354,5.290466354,6.839285373687744,-0.7334001660346985,7.404589653015137
1778582568631241250,5.30124125,6.839285373687744,-0.7334001660346985,7.404589653015137
1778582568642016146,5.312016146,6.643074035644531,-0.4618147611618042,7.105486869812012
1778582568652791094,5.322791094,6.643074035644531,-0.4618147611618042,7.105486869812012
1778582568663566042,5.333566042,6.583851337432861,-0.3852444589138031,7.013363361358643
1778582568674340885,5.344340885,6.583851337432861,-0.3852444589138031,7.013363361358643
1778582568685115833,5.355115833,6.38584566116333,-0.47796630859375,6.924230575561523
1778582568695890729,5.365890729,6.38584566116333,-0.47796630859375,6.924230575561523
1778582568706665625,5.376665625,6.293721675872803,-0.3086741268634796,6.911069869995117
1778582568717440521,5.387440521,6.293721675872803,-0.3086741268634796,6.911069869995117
1778582568728215417,5.398215417,6.422934055328369,-0.49351966381073,7.085147857666016
1778582568738990364,5.408990364,6.668796539306641,-0.7956135272979736,7.509275436401367
1778582568749765312,5.419765312,6.737590312957764,-0.6520441770553589,7.705487251281738
1778582568760540208,5.430540208,6.737590312957764,-0.6520441770553589,7.705487251281738
1778582568771315104,5.441315104,6.330212116241455,-0.49710890650749207,7.255636692047119
1778582568782090000,5.45209,6.330212116241455,-0.49710890650749207,7.255636692047119
1778582568792864896,5.462864896,6.262016773223877,-0.24167509377002716,7.150352478027344
1778582568803639844,5.473639844,6.262016773223877,-0.24167509377002716,7.150352478027344
1778582568814414687,5.484414687,6.413362979888916,-0.26081767678260803,7.2574310302734375
1778582568825189635,5.495189635,6.413362979888916,-0.26081767678260803,7.2574310302734375
1778582568835964583,5.505964583,6.521637916564941,-0.2273181527853012,7.203592777252197
1778582568846739479,5.516739479,6.521637916564941,-0.2273181527853012,7.203592777252197
1778582568857514375,5.527514375,6.902695178985596,-0.4731806814670563,7.444071292877197
1778582568868289271,5.538289271,6.902695178985596,-0.4731806814670563,7.444071292877197
1778582568879064167,5.549064167,7.067201614379883,-0.747757077217102,7.4261250495910645
1778582568889839114,5.559839114000001,7.067201614379883,-0.747757077217102,7.4261250495910645
1778582568900613437,5.5706134370000004,6.5712890625,-0.45224347710609436,7.031309127807617
1778582568911388958,5.581388958000001,6.609574317932129,-0.4582255482673645,6.938587665557861
1778582568922163854,5.592163854000001,6.722635269165039,-0.5970092415809631,7.034300327301025
1778582568932938750,5.602938750000001,6.722635269165039,-0.5970092415809631,7.034300327301025
1778582568943713646,5.613713646000001,6.99840784072876,-0.7968099117279053,7.458428382873535
1778582568954488594,5.624488594000001,6.99840784072876,-0.7968099117279053,7.458428382873535
1778582568965263542,5.635263542000001,6.708876609802246,-0.8159525394439697,7.34177827835083
1778582568976038437,5.6460384370000005,6.708876609802246,-0.8159525394439697,7.34177827835083
1778582568986813333,5.6568133330000006,6.663413047790527,-0.8512466549873352,7.509873867034912
1778582568997588229,5.667588229000001,6.663413047790527,-0.8512466549873352,7.509873867034912
1778582569008363125,5.678363125000001,6.382854461669922,-0.7232306599617004,7.438089370727539
1778582569019138073,5.6891380730000005,6.382854461669922,-0.7232306599617004,7.438089370727539
1778582569029913021,5.699913021,6.445067882537842,-0.9355936646461487,7.574480056762695
1778582569040687917,5.7106879170000004,6.445067882537842,-0.9355936646461487,7.574480056762695
1778582569051462812,5.721462812,6.546164512634277,-0.9152546525001526,7.678567886352539
1778582569062237708,5.732237708,6.546164512634277,-0.9152546525001526,7.678567886352539
1778582569073012708,5.743012708,6.468996047973633,-0.8063812255859375,7.514061450958252
1778582569083787552,5.753787552,6.468996047973633,-0.8063812255859375,7.514061450958252
1778582569094562500,5.7645625,6.526423931121826,-0.7872386574745178,7.59362268447876
1778582569105337396,5.775337396,6.526423931121826,-0.7872386574745178,7.59362268447876
1778582569116112292,5.786112292,6.38165807723999,-0.8129615187644958,7.507481098175049
1778582569126887239,5.796887239,6.38165807723999,-0.8129615187644958,7.507481098175049
1778582569137662187,5.807662187,6.271588325500488,-0.7740781307220459,7.825726509094238
1778582569148437083,5.818437083,6.271588325500488,-0.7740781307220459,7.825726509094238
1778582569159211979,5.829211979,6.338587284088135,-0.9278169870376587,7.844270706176758
1778582569169986875,5.839986875,6.338587284088135,-0.9278169870376587,7.844270706176758
1778582569180761771,5.850761771,6.440282344818115,-0.9942178130149841,7.734200954437256
1778582569191536719,5.861536719,6.440282344818115,-0.9942178130149841,7.734200954437256
1778582569202311667,5.872311667,6.280561447143555,-0.6592226624488831,7.34476900100708
1778582569213086562,5.883086562000001,6.280561447143555,-0.6592226624488831,7.34476900100708
1778582569223861458,5.893861458,6.2877397537231445,-0.5826523303985596,7.624131202697754
1778582569234636406,5.904636406000001,6.2877397537231445,-0.5826523303985596,7.624131202697754
1778582569245411354,5.915411354000001,6.495915412902832,-0.6293123364448547,8.201399803161621
1778582569256186250,5.926186250000001,6.495915412902832,-0.6293123364448547,8.201399803161621
1778582569266961146,5.936961146000001,6.141777515411377,-0.46360939741134644,7.99800968170166
1778582569277736042,5.947736042000001,6.141777515411377,-0.46360939741134644,7.99800968170166
1778582569288510937,5.958510937000001,6.223731517791748,-0.25304099917411804,7.526623725891113
1778582569299285885,5.969285885000001,6.223731517791748,-0.25304099917411804,7.526623725891113
1778582569310060833,5.9800608330000005,6.499504566192627,-0.27038896083831787,7.423133850097656
1778582569320835729,5.9908357290000005,6.68016242980957,-0.2799602448940277,7.437490940093994
1778582569331610625,6.0016106250000005,6.489933013916016,0.1010967567563057,7.289135932922363
1778582569342385573,6.012385573,6.489933013916016,0.1010967567563057,7.289135932922363
1778582569353160521,6.023160521,6.215356826782227,0.2907279431819916,7.409375190734863
1778582569363935417,6.033935417,6.215356826782227,0.2907279431819916,7.409375190734863
1778582569374710312,6.044710312,5.5932230949401855,0.16869398951530457,7.762914657592773
1778582569385485260,6.05548526,5.5932230949401855,0.16869398951530457,7.762914657592773
1778582569396260208,6.066260208,5.529214859008789,0.1902294009923935,7.409375190734863
1778582569407035104,6.077035104,5.529214859008789,0.1902294009923935,7.409375190734863
1778582569417810000,6.08781,5.667998790740967,-0.09810572862625122,7.573283672332764
1778582569428584896,6.098584896,5.667998790740967,-0.09810572862625122,7.573283672332764
1778582569439359896,6.109359896,5.712863922119141,-0.13519448041915894,7.5912299156188965
1778582569450134792,6.120134792,5.712863922119141,-0.13519448041915894,7.5912299156188965
1778582569460909687,6.130909687,5.859424591064453,-0.064606212079525,7.534998416900635
1778582569471684583,6.141684583,5.859424591064453,-0.064606212079525,7.534998416900635
1778582569482459583,6.152459583000001,6.180062770843506,-0.27397820353507996,7.823931694030762
1778582569493234479,6.163234479000001,6.180062770843506,-0.27397820353507996,7.823931694030762
1778582569504009375,6.174009375000001,6.522236347198486,-0.09631111472845078,7.8664045333862305
1778582569514784323,6.184784323000001,6.522236347198486,-0.09631111472845078,7.8664045333862305
1778582569525559271,6.1955592710000005,6.5282182693481445,-0.15194423496723175,7.77607536315918
1778582569536334167,6.2063341670000005,6.544369697570801,-0.2955136001110077,7.949554920196533
1778582569547109062,6.2171090620000005,6.468996047973633,-0.3355933725833893,7.934001445770264
1778582569557884010,6.22788401,6.468996047973633,-0.3355933725833893,7.934001445770264
1778582569568658958,6.238658958,6.281159400939941,-0.2548356056213379,7.493124008178711
1778582569579433854,6.249433854,6.281159400939941,-0.2548356056213379,7.493124008178711
1778582569590208750,6.26020875,6.416353702545166,-0.2799602448940277,7.590631484985352
1778582569600983750,6.27098375,6.416353702545166,-0.2799602448940277,7.590631484985352
1778582569611758646,6.281758646,6.258427619934082,-0.3026920557022095,7.684549808502197
1778582569622533542,6.292533542,6.258427619934082,-0.3026920557022095,7.684549808502197
1778582569633308542,6.303308542000001,6.214160442352295,-0.4043870270252228,7.7491559982299805
1778582569644083437,6.314083437000001,6.214160442352295,-0.4043870270252228,7.7491559982299805
1778582569654858333,6.324858333000001,6.212365627288818,-0.589830756187439,7.8424763679504395
1778582569665633333,6.3356333330000005,6.212365627288818,-0.589830756187439,7.8424763679504395
1778582569676408229,6.346408229000001,6.189633846282959,-0.5180460810661316,7.5673017501831055
1778582569687183125,6.357183125000001,6.141777515411377,-0.5204389095306396,7.617550849914551
1778582569697958125,6.367958125,6.242276191711426,-0.5204389095306396,7.732406139373779
1778582569708733021,6.378733021,6.363711833953857,-0.5431707501411438,7.782057285308838
1778582569719507917,6.389507917,6.3224358558654785,-0.5700899958610535,7.70249605178833
1778582569730282917,6.400282917,6.223133563995361,-0.503689169883728,7.6630144119262695
1778582569741057812,6.411057812,6.126224040985107,-0.45224347710609436,7.653443336486816
1778582569751832708,6.421832708,6.150152206420898,-0.4731806814670563,7.674978733062744
1778582569762607708,6.432607708000001,6.076572895050049,-0.5575276613235474,7.689335346221924
1778582569773382604,6.443382604,6.076572895050049,-0.5575276613235474,7.689335346221924
1778582569784157500,6.4541575,5.879165172576904,-0.4588237404823303,7.6390862464904785
1778582569794932500,6.464932500000001,5.879165172576904,-0.4588237404823303,7.6390862464904785
1778582569805707396,6.475707396000001,6.105885028839111,-0.5718846321105957,7.896913051605225
1778582569816482344,6.486482344000001,6.0879387855529785,-0.6131607890129089,7.916653633117676
1778582569827257292,6.4972572920000005,6.044867992401123,-0.5802595019340515,7.798209190368652
1778582569838032187,6.508032187,6.044867992401123,-0.5802595019340515,7.798209190368652
1778582569848807187,6.518807187,6.415157318115234,-0.41096729040145874,7.5637125968933105
1778582569859582083,6.529582083,6.415157318115234,-0.41096729040145874,7.5637125968933105
1778582569870356979,6.540356979,6.402595043182373,-0.4253242313861847,7.800003528594971
1778582569881131979,6.551131979,6.402595043182373,-0.4253242313861847,7.800003528594971
1778582569891906875,6.561906875,6.418148517608643,-0.40319061279296875,7.6767730712890625
1778582569902681823,6.572681823000001,6.3738813400268555,-0.41096729040145874,7.666005611419678
1778582569913456771,6.583456771000001,6.395416736602783,-0.4504488706588745,7.709076404571533
1778582569924231667,6.594231667000001,6.531209468841553,-0.40797626972198486,7.625925540924072
1778582569935006667,6.6050066670000005,6.483353137969971,-0.3888336718082428,7.691728591918945
1778582569945781562,6.6157815620000004,6.483353137969971,-0.3888336718082428,7.691728591918945
1778582569956556458,6.6265564580000005,6.317649841308594,-0.32662028074264526,7.759923934936523
1778582569967331458,6.637331458,6.196812629699707,-0.3278166949748993,7.665407180786133
1778582569978106354,6.648106354,6.084349632263184,-0.28115665912628174,7.660621643066406
1778582569988881354,6.658881354,6.032305717468262,-0.2715853750705719,7.598408222198486
1778582569999656250,6.66965625,6.237490653991699,-0.20518454909324646,7.6049885749816895
1778582570010431198,6.680431198000001,6.237490653991699,-0.20518454909324646,7.6049885749816895
1778582570021206146,6.691206146000001,6.247660160064697,-0.37088751792907715,7.63729190826416
1778582570031981042,6.701981042000001,6.131010055541992,-0.4821537733078003,7.810771465301514
1778582570042756042,6.7127560420000005,5.8995041847229,-0.40797626972198486,7.819146156311035
1778582570053530937,6.7235309370000005,5.8995041847229,-0.40797626972198486,7.819146156311035
1778582570064305937,6.734305937,5.672784328460693,-0.16151553392410278,7.466204643249512
1778582570075080833,6.745080833,5.672784328460693,-0.16151553392410278,7.466204643249512
1778582570085855729,6.755855729,5.808577060699463,-0.17946170270442963,7.555935859680176
1778582570096630729,6.766630729,5.808577060699463,-0.17946170270442963,7.555935859680176
1778582570107405625,6.777405625,6.3978095054626465,-0.30568310618400574,7.744370460510254
1778582570118180625,6.788180625000001,6.177071571350098,-0.39960137009620667,7.688138961791992
1778582570128955521,6.798955521000001,7.107281684875488,-0.6197410821914673,7.953144073486328
1778582570139730521,6.8097305210000005,6.542575359344482,-0.3403790295124054,8.419146537780762
1778582570150505417,6.820505417000001,6.522236347198486,-0.41096729040145874,7.8664045333862305
1778582570161280364,6.831280364,6.522236347198486,-0.41096729040145874,7.8664045333862305
1778582570172055312,6.842055312,5.928816318511963,-0.09451649338006973,7.4739813804626465
1778582570182830260,6.85283026,5.928816318511963,-0.09451649338006973,7.4739813804626465
1778582570193605208,6.863605208,5.946164131164551,-0.2512463629245758,7.677371501922607
1778582570204380104,6.874380104,5.970092296600342,-0.24526432156562805,7.810771465301514
1778582570215155104,6.885155104000001,5.9060845375061035,-0.25722843408584595,7.746763229370117
1778582570225930000,6.895930000000001,5.9060845375061035,-0.25722843408584595,7.746763229370117
1778582570236705000,6.9067050000000005,6.002993583679199,-0.0771685317158699,7.856832981109619
1778582570247479896,6.917479896000001,6.002993583679199,-0.0771685317158699,7.856832981109619
1778582570258254896,6.928254896,6.477370738983154,-0.49232324957847595,7.317849636077881
1778582570269029792,6.939029792,6.477370738983154,-0.49232324957847595,7.317849636077881
1778582570279804792,6.949804792,5.949155330657959,0.1621137410402298,7.844270706176758
1778582570290579687,6.960579687,5.949155330657959,0.1621137410402298,7.844270706176758
1778582570301354687,6.971354687000001,5.8372907638549805,0.16869398951530457,7.883154392242432
1778582570312129583,6.982129583000001,5.8372907638549805,0.16869398951530457,7.883154392242432
1778582570322904583,6.9929045830000005,5.849853038787842,0.09990034252405167,7.875975608825684
1778582570333679479,7.0036794790000005,5.849853038787842,0.09990034252405167,7.875975608825684
1778582570344454479,7.014454479,6.0610198974609375,0.04426721855998039,7.665407180786133
1778582570355229375,7.025229375,6.0610198974609375,0.04426721855998039,7.665407180786133
1778582570366004375,7.036004375,5.9814581871032715,-0.010169495828449726,7.859225749969482
1778582570376779271,7.046779271,5.9814581871032715,-0.010169495828449726,7.859225749969482
1778582570387554271,7.057554271000001,6.027520179748535,-0.0568295381963253,7.936992645263672
1778582570398329219,7.068329219000001,6.027520179748535,-0.0568295381963253,7.936992645263672
1778582570409104167,7.079104167000001,6.0508503913879395,0.053240302950143814,7.81555700302124
1778582570419879114,7.089879114,6.0508503913879395,0.053240302950143814,7.81555700302124
1778582570430654062,7.100654062,6.1435723304748535,-0.09451649338006973,7.733004570007324
1778582570441429062,7.111429062,6.1435723304748535,-0.09451649338006973,7.733004570007324
1778582570452203958,7.122203958,5.890531063079834,0.08195417374372482,7.674978733062744
1778582570462978958,7.132978958000001,5.890531063079834,0.08195417374372482,7.674978733062744
1778582570473753854,7.143753854000001,6.026922225952148,0.13280165195465088,7.561917781829834
1778582570484528854,7.1545288540000005,6.026922225952148,0.13280165195465088,7.561917781829834
1778582570495303750,7.1653037500000005,5.8372907638549805,0.17766708135604858,7.925626754760742
1778582570506078750,7.17607875,5.8372907638549805,0.17766708135604858,7.925626754760742
1778582570516853750,7.18685375,5.711069583892822,0.16031911969184875,8.130212783813477
1778582570527628646,7.197628646,5.711069583892822,0.16031911969184875,8.130212783813477
1778582570538403646,7.208403646000001,6.193222999572754,0.12801600992679596,8.085348129272461
1778582570549178646,7.2191786460000005,6.193222999572754,0.12801600992679596,8.085348129272461
1778582570559953542,7.2299535420000005,6.46241569519043,0.07597211748361588,7.9381890296936035
1778582570570728542,7.240728542,6.46241569519043,0.07597211748361588,7.9381890296936035
1778582570581503437,7.251503437,5.977869033813477,0.08853443711996078,8.09850788116455
1778582570592278437,7.262278437000001,5.977869033813477,0.08853443711996078,8.09850788116455
1778582570603053437,7.273053437000001,5.931807518005371,0.0729810893535614,7.708477973937988
1778582570613828333,7.283828333000001,5.931807518005371,0.0729810893535614,7.708477973937988
1778582570624603333,7.294603333,5.516652584075928,-0.005982056725770235,7.868797302246094
1778582570635378281,7.305378281,5.516652584075928,-0.005982056725770235,7.868797302246094
1778582570646153229,7.316153229,5.514857769012451,0.029312077909708023,8.468199729919434
1778582570656928229,7.326928229000001,5.514857769012451,0.029312077909708023,8.468199729919434
1778582570667703125,7.337703125000001,5.874379634857178,0.30987054109573364,8.11107063293457
1778582570678478125,7.348478125000001,5.874379634857178,0.30987054109573364,8.11107063293457
1778582570689253125,7.359253125,5.660222053527832,0.3314059376716614,8.076972961425781
1778582570700028021,7.370028021,5.660222053527832,0.3314059376716614,8.076972961425781
1778582570710803021,7.380803021,5.384449005126953,0.4217349886894226,7.818548202514648
1778582570721578021,7.391578021000001,5.384449005126953,0.4217349886894226,7.818548202514648
1778582570732352917,7.402352917000001,5.516652584075928,0.2273181527853012,7.963912010192871
1778582570743127917,7.413127917000001,5.516652584075928,0.2273181527853012,7.963912010192871
1778582570753902917,7.423902917,5.745167255401611,0.39840495586395264,8.206783294677734
1778582570764677812,7.434677812,5.745167255401611,0.39840495586395264,8.206783294677734
1778582570775452812,7.445452812,5.709873199462891,0.17168502509593964,8.120043754577637
1778582570786227812,7.456227812000001,5.709873199462891,0.17168502509593964,8.120043754577637
1778582570797002708,7.467002708000001,5.440680503845215,0.2721835672855377,8.035696983337402
1778582570807777708,7.4777777080000005,5.440680503845215,0.2721835672855377,8.035696983337402
1778582570818552708,7.488552708,5.461019515991211,0.4301098585128784,7.835297584533691
1778582570829327604,7.499327604,5.461019515991211,0.4301098585128784,7.835297584533691
1778582570840102604,7.510102604,5.544169902801514,0.20997019112110138,7.977072715759277
1778582570850877604,7.520877604000001,5.544169902801514,0.20997019112110138,7.977072715759277
1778582570861652500,7.531652500000001,5.342574596405029,0.05503492057323456,8.174480438232422
1778582570872427500,7.5424275000000005,5.4418768882751465,0.30209386348724365,8.040482521057129
1778582570883202500,7.5532025,5.481358528137207,0.3577269911766052,7.922635555267334
1778582570893977396,7.563977396,5.481358528137207,0.3577269911766052,7.922635555267334
1778582570904752396,7.574752396,5.6685967445373535,0.37926238775253296,7.722835063934326
1778582570915527396,7.585527396000001,5.483152866363525,0.3577269911766052,7.668996810913086
1778582570926302292,7.596302292000001,5.3318071365356445,0.24287149310112,7.882555961608887
1778582570937077292,7.6070772920000005,5.3318071365356445,0.24287149310112,7.882555961608887
1778582570947852292,7.617852292,5.427519798278809,0.13160525262355804,8.37428092956543
1778582570958627239,7.628627239,5.427519798278809,0.13160525262355804,8.37428092956543
1778582570969402187,7.639402187000001,5.816951751708984,0.1495514214038849,7.999206066131592
1778582570980177187,7.650177187000001,5.816951751708984,0.1495514214038849,7.999206066131592
1778582570990952187,7.660952187,5.607579708099365,0.1459621787071228,7.981259822845459
1778582571001727083,7.671727083,5.607579708099365,0.1459621787071228,7.981259822845459
1778582571012502083,7.682502083,5.364109992980957,0.1333998590707779,8.178069114685059
1778582571023277083,7.693277083000001,5.364109992980957,0.1333998590707779,8.178069114685059
1778582571034051979,7.704051979000001,5.696712493896484,0.09451649338006973,8.103293418884277
1778582571044826979,7.714826979000001,5.696712493896484,0.09451649338006973,8.103293418884277
1778582571055601979,7.725601979,5.877370834350586,-0.07537391036748886,8.055437088012695
1778582571066376927,7.736376927,5.877370834350586,-0.07537391036748886,8.055437088012695
1778582571077151875,7.747151875,5.799005508422852,0.23210379481315613,7.93579626083374
1778582571087926875,7.757926875000001,5.799005508422852,0.23210379481315613,7.93579626083374
1778582571098701875,7.7687018750000005,5.477170944213867,0.31824541091918945,8.072785377502441
1778582571109476823,7.779476823,5.477170944213867,0.31824541091918945,8.072785377502441
1778582571120251771,7.790251771,5.805585861206055,0.388235479593277,8.053044319152832
1778582571131026771,7.801026771,5.805585861206055,0.388235479593277,8.053044319152832
1778582571141801771,7.811801771000001,5.762515068054199,0.31345975399017334,8.14098072052002
1778582571152576667,7.822576667000001,5.762515068054199,0.31345975399017334,8.14098072052002
1778582571163351667,7.8333516670000005,5.7547383308410645,0.5048855543136597,7.984848976135254
1778582571174126667,7.844126667,5.7547383308410645,0.5048855543136597,7.984848976135254
1778582571184901562,7.854901562,5.7134623527526855,0.4253242313861847,8.047062873840332
1778582571195676562,7.865676562000001,5.7134623527526855,0.4253242313861847,8.047062873840332
1778582571206451562,7.876451562000001,5.6925249099731445,0.267397940158844,8.279764175415039
1778582571217226562,7.887226562,5.6925249099731445,0.267397940158844,8.279764175415039
1778582571228001458,7.898001458,5.595017433166504,0.5431707501411438,8.248059272766113
1778582571238776458,7.908776458,5.595017433166504,0.5431707501411438,8.248059272766113
1778582571249551458,7.919551458000001,5.924030780792236,0.5700899958610535,8.34855842590332
1778582571260326458,7.930326458000001,5.924030780792236,0.5700899958610535,8.34855842590332
1778582571271101354,7.941101354000001,5.723033428192139,0.5000999569892883,8.184649467468262
1778582571281876354,7.951876354,5.723033428192139,0.5000999569892883,8.184649467468262
1778582571292651354,7.962651354,5.568098068237305,0.3840480446815491,7.871190071105957
1778582571303426302,7.973426302000001,5.7547383308410645,0.40737804770469666,8.059624671936035
1778582571314201250,7.984201250000001,5.7547383308410645,0.40737804770469666,8.059624671936035
1778582571324976250,7.994976250000001,5.852245807647705,0.5204389095306396,8.073982238769531
1778582571335751250,8.005751250000001,5.852245807647705,0.381655216217041,8.076972961425781
1778582571346526198,8.016526198000001,5.852245807647705,0.381655216217041,8.076972961425781
1778582571357301146,8.027301146000001,5.520241737365723,0.3038884699344635,8.400003433227539
1778582571368076146,8.038076146,5.778068542480469,0.3026920557022095,8.423932075500488
1778582571378851146,8.048851146,5.742176055908203,0.41096729040145874,8.279764175415039
1778582571389626042,8.059626042,5.602794170379639,0.45224347710609436,8.198408126831055
1778582571400401042,8.070401042,5.413163185119629,0.43968117237091064,8.139784812927246
1778582571411176042,8.081176042000001,5.49930477142334,0.3535395562648773,8.083553314208984
1778582571421951042,8.091951042,5.693721294403076,0.22372891008853912,8.153543472290039
1778582571432725937,8.102725937,5.693721294403076,0.22372891008853912,8.153543472290039
1778582571443500937,8.113500937000001,5.580660820007324,0.28654050827026367,8.075776100158691
1778582571454275937,8.124275937,5.580660820007324,0.28654050827026367,8.075776100158691
1778582571465050937,8.135050937,5.614160060882568,0.2626122832298279,8.150551795959473
1778582571475825833,8.145825833,5.614160060882568,0.2626122832298279,8.150551795959473
1778582571486600833,8.156600833,5.918646812438965,0.39122650027275085,8.14636516571045
1778582571497375833,8.167375833000001,5.918646812438965,0.39122650027275085,8.14636516571045
1778582571508150833,8.178150833,5.96171760559082,0.372682124376297,8.24147891998291
1778582571518925729,8.188925729000001,5.96171760559082,0.372682124376297,8.24147891998291
1778582571529700729,8.199700729,5.6207404136657715,0.5174478888511658,8.22293472290039
1778582571540475729,8.210475729,5.6207404136657715,0.5174478888511658,8.22293472290039
1778582571551250729,8.221250729000001,5.526822090148926,0.5324030518531799,7.968697547912598
1778582571562025625,8.232025625,5.526822090148926,0.5324030518531799,7.968697547912598
1778582571572800625,8.242800625000001,5.620141983032227,0.46360939741134644,8.153543472290039
1778582571583575625,8.253575625,5.620141983032227,0.46360939741134644,8.153543472290039
1778582571594350625,8.264350625,5.508875846862793,0.4043870270252228,8.120641708374023
1778582571605125521,8.275125521,5.508875846862793,0.4043870270252228,8.120641708374023
1778582571615900521,8.285900521,5.7517476081848145,0.4055834412574768,8.087141990661621
1778582571626675521,8.296675521000001,5.733801364898682,0.3643072545528412,8.14098072052002
1778582571637450417,8.307450417,5.650650501251221,0.3122633695602417,8.195417404174805
1778582571648225417,8.318225417,5.650650501251221,0.3122633695602417,8.195417404174805
1778582571659000417,8.329000417000001,5.502893924713135,0.26201409101486206,8.345566749572754
1778582571669775417,8.339775417,5.502893924713135,0.26201409101486206,8.345566749572754
1778582571680550312,8.350550312000001,5.544169902801514,0.1537388563156128,8.287541389465332
1778582571691325312,8.361325312,5.544169902801514,0.1537388563156128,8.287541389465332
1778582571702100312,8.372100312,5.4143595695495605,0.13459627330303192,8.206185340881348
1778582571712875312,8.382875312000001,5.4143595695495605,0.13459627330303192,8.206185340881348
1778582571723650208,8.393650208,5.498108386993408,0.05802594870328903,8.179863929748535
1778582571734425208,8.404425208000001,5.531009674072266,0.09032905846834183,8.045866012573242
1778582571745200208,8.415200208,5.6685967445373535,0.13519448041915894,8.047062873840332
1778582571755975208,8.425975208,5.6685967445373535,0.13519448041915894,8.047062873840332
1778582571766750104,8.436750104,5.617151260375977,0.18065811693668365,8.10807991027832
1778582571777525104,8.447525104,5.617151260375977,0.18065811693668365,8.10807991027832
1778582571788300104,8.458300104000001,5.590231895446777,0.14775680005550385,8.1553373336792
1778582571799075104,8.469075104,5.590231895446777,0.14775680005550385,8.1553373336792
1778582571809850000,8.47985,5.542375564575195,0.23330020904541016,8.37129020690918
1778582571820625000,8.490625,5.542375564575195,0.23330020904541016,8.37129020690918
1778582571831400000,8.5014,5.431109428405762,0.2638086974620819,8.158926963806152
1778582571842175000,8.512175000000001,5.431109428405762,0.2638086974620819,8.158926963806152
1778582571852949896,8.522949896,5.30129861831665,0.19561325013637543,8.167900085449219
1778582571863724896,8.533724896,5.30129861831665,0.19561325013637543,8.167900085449219
1778582571874499896,8.544499896000001,5.354538917541504,0.1423729509115219,8.121838569641113
1778582571885274896,8.555274896,5.354538917541504,0.1423729509115219,8.121838569641113
1778582571896049792,8.566049792000001,5.458028316497803,0.10289137065410614,8.124829292297363
1778582571906824792,8.576824792,5.458028316497803,0.10289137065410614,8.124829292297363
1778582571917599792,8.587599792,5.43709135055542,0.11724831163883209,8.132007598876953
1778582571928374792,8.598374792000001,5.43709135055542,0.11724831163883209,8.132007598876953
1778582571939149687,8.609149687,5.36351203918457,0.10588239878416061,8.121838569641113
1778582571949924687,8.619924687000001,5.36351203918457,0.10588239878416061,8.121838569641113
1778582571960699687,8.630699687,5.495715618133545,0.07597211748361588,8.169694900512695
1778582571971474635,8.641474635,5.632106304168701,0.0323031060397625,8.158329010009766
1778582571982249583,8.652249583,5.726024627685547,0.003589233849197626,8.287541389465332
1778582571993024583,8.663024583,5.726024627685547,0.003589233849197626,8.287541389465332
1778582572003799583,8.673799583000001,5.526822090148926,0.039481572806835175,8.189435958862305
1778582572014574531,8.684574531,5.376074314117432,0.03409772366285324,8.179265975952148
1778582572025349479,8.695349479,5.3318071365356445,0.0933200865983963,8.23250675201416
1778582572036124479,8.706124479000001,5.3318071365356445,0.0933200865983963,8.23250675201416
1778582572046899479,8.716899479,5.4143595695495605,0.23330020904541016,8.203194618225098
1778582572057674375,8.727674375000001,5.4143595695495605,0.23330020904541016,8.203194618225098
1778582572068449375,8.738449375,5.315655708312988,0.21954147517681122,8.190631866455078
1778582572079224375,8.749224375,5.315655708312988,0.21954147517681122,8.190631866455078
1778582572089999375,8.759999375000001,5.321039199829102,0.21415762603282928,8.124829292297363
1778582572100774271,8.770774271,5.2971110343933105,0.22372891008853912,8.120641708374023
1778582572111549271,8.781549271000001,5.419145107269287,0.26201409101486206,8.128418922424316
1778582572122324271,8.792324271,5.419145107269287,0.26201409101486206,8.128418922424316
1778582572133099271,8.803099271,5.5722856521606445,0.20997019112110138,8.170292854309082
1778582572143874167,8.813874167,5.5722856521606445,0.20997019112110138,8.170292854309082
1778582572154649167,8.824649167,5.445466041564941,0.24167509377002716,8.264211654663086
1778582572165424167,8.835424167000001,5.445466041564941,0.24167509377002716,8.264211654663086
1778582572176199062,8.846199062,5.560321807861328,0.3002992272377014,8.179863929748535
1778582572186974062,8.856974062,5.6207404136657715,0.3278166949748993,8.101499557495117
1778582572197749062,8.867749062,5.444868087768555,0.3314059376716614,8.11406135559082
1778582572208524062,8.878524062,5.444868087768555,0.3314059376716614,8.11406135559082
1778582572219298958,8.889298958000001,5.475376605987549,0.3194418251514435,8.158926963806152
1778582572230073958,8.900073958,5.475376605987549,0.3194418251514435,8.158926963806152
1778582572240848958,8.910848958,5.621936798095703,0.3613162338733673,8.106285095214844
1778582572251623958,8.921623958000001,5.318646430969238,0.44386860728263855,8.319844245910645
1778582572262398854,8.932398854,5.299503803253174,0.5479564070701599,8.222336769104004
1778582572273173854,8.943173854000001,5.299503803253174,0.5479564070701599,8.222336769104004
1778582572283948854,8.953948854,5.162514686584473,0.5353940725326538,8.304290771484375
1778582572294723854,8.964723854,5.162514686584473,0.5353940725326538,8.304290771484375
1778582572305498750,8.97549875,5.218746185302734,0.5126622319221497,8.368897438049316
1778582572316273750,8.98627375,5.218746185302734,0.5126622319221497,8.368897438049316
1778582572327048750,8.997048750000001,5.401797294616699,0.43908295035362244,8.402397155761719
1778582572337823698,9.007823698000001,5.401797294616699,0.43908295035362244,8.402397155761719
1778582572348598646,9.018598646000001,5.627320766448975,0.4366901218891144,8.366504669189453
1778582572359373646,9.029373646,5.627320766448975,0.4366901218891144,8.366504669189453
1778582572370148646,9.040148646,5.842076301574707,0.3451646566390991,8.142775535583496
1778582572380923542,9.050923542000001,5.842076301574707,0.3451646566390991,8.142775535583496
1778582572391698542,9.061698542,5.900102615356445,0.3008974492549896,8.204988479614258
1778582572402473542,9.072473542000001,5.9886369705200195,0.21415762603282928,8.309076309204102
1778582572413248542,9.083248542,5.755934715270996,0.129810631275177,8.270193099975586
1778582572424023437,9.094023437,5.755934715270996,0.129810631275177,8.270193099975586
1778582572434798437,9.104798437000001,5.6207404136657715,0.04426721855998039,8.26121997833252
1778582572445573437,9.115573437,5.6207404136657715,0.04426721855998039,8.26121997833252
1778582572456348437,9.126348437,5.66201639175415,0.08195417374372482,7.950153350830078
1778582572467123333,9.137123333,5.66201639175415,0.08195417374372482,7.950153350830078
1778582572477898333,9.147898333,5.578866004943848,-0.005982056725770235,8.217551231384277
1778582572488673333,9.158673333000001,5.578866004943848,-0.005982056725770235,8.217551231384277
1778582572499448229,9.169448229,5.893522262573242,0.020338991656899452,8.084151268005371
1778582572510223229,9.180223229000001,5.893522262573242,0.020338991656899452,8.084151268005371
1778582572520998229,9.190998229,5.666802406311035,-0.1585244983434677,8.359326362609863
1778582572531773229,9.201773229,5.666802406311035,-0.1585244983434677,8.359326362609863
1778582572542548125,9.212548125000001,5.4658050537109375,-0.13280165195465088,8.222336769104004
1778582572553323125,9.223323125,5.400002479553223,-0.11545369029045105,8.206185340881348
1778582572564098125,9.234098125000001,5.419145107269287,-0.10169496387243271,8.130212783813477
1778582572574873125,9.244873125,5.419145107269287,-0.10169496387243271,8.130212783813477
1778582572585648021,9.255648021,5.806782245635986,-0.18424734473228455,8.15234661102295
1778582572596423021,9.266423021000001,5.806782245635986,-0.18424734473228455,8.15234661102295
1778582572607198021,9.277198021,6.095715522766113,-0.3038884699344635,8.040482521057129
1778582572617972969,9.287972969,6.095715522766113,-0.3038884699344635,8.040482521057129
1778582572628747917,9.298747917,5.91087007522583,-0.2907279431819916,7.9866437911987305
1778582572639522917,9.309522917,5.91087007522583,-0.2907279431819916,7.9866437911987305
1778582572650297917,9.320297917000001,5.660222053527832,-0.3355933725833893,8.059624671936035
1778582572661072812,9.331072812,5.660222053527832,-0.3355933725833893,8.059624671936035
1778582572671847812,9.341847812000001,5.515456199645996,-0.3696911036968231,8.101499557495117
1778582572682622812,9.352622812,5.515456199645996,-0.3696911036968231,8.101499557495117
1778582572693397708,9.363397708,5.618945598602295,-0.6281159520149231,8.172685623168945
1778582572704172708,9.374172708000001,5.618945598602295,-0.6281159520149231,8.172685623168945
1778582572714947708,9.384947708,5.454439163208008,-0.7154539823532104,8.151150703430176
1778582572725722708,9.395722708000001,5.454439163208008,-0.7154539823532104,8.151150703430176
1778582572736497604,9.406497604,5.397609710693359,-0.6520441770553589,8.040482521057129
1778582572747272604,9.417272604,5.397609710693359,-0.6520441770553589,8.040482521057129
1778582572758047604,9.428047604000001,5.468796253204346,-0.5682953596115112,8.041080474853516
1778582572768822552,9.438822552000001,5.468796253204346,-0.5682953596115112,8.041080474853516
1778582572779597500,9.449597500000001,5.782854080200195,-0.32303106784820557,7.779066562652588
1778582572790372500,9.4603725,5.782854080200195,-0.32303106784820557,7.779066562652588
1778582572801147500,9.4711475,5.797211170196533,-0.3565305769443512,7.929215908050537
1778582572811922396,9.481922396,5.797211170196533,-0.3565305769443512,7.929215908050537
1778582572822697396,9.492697396,5.644070625305176,-0.38344982266426086,7.882555961608887
1778582572833472396,9.503472396000001,5.644070625305176,-0.38344982266426086,7.882555961608887
1778582572844247292,9.514247292,5.49092960357666,-0.4534398913383484,7.892725467681885
1778582572855022292,9.525022292000001,5.49092960357666,-0.4534398913383484,7.892725467681885
1778582572865797292,9.535797292,5.799005508422852,-0.5670989751815796,7.892127513885498
1778582572876572292,9.546572292,5.799005508422852,-0.5670989751815796,7.892127513885498
1778582572887347187,9.557347187000001,6.339783668518066,-0.43968117237091064,7.689933776855469
1778582572898122187,9.568122187,6.220142364501953,-0.46480581164360046,7.630711555480957
1778582572908897187,9.578897187,6.095715522766113,-0.42711883783340454,7.763513088226318
1778582572919672135,9.589672135,6.095715522766113,-0.42711883783340454,7.763513088226318
1778582572930447083,9.600447083,6.004788398742676,-0.4827519655227661,7.9830546379089355
1778582572941222083,9.611222083000001,6.004788398742676,-0.4827519655227661,7.9830546379089355
1778582572951997083,9.621997083,5.9575300216674805,-0.511465847492218,7.9244303703308105
1778582572962771979,9.632771979000001,5.9575300216674805,-0.511465847492218,7.9244303703308105
1778582572973546979,9.643546979,5.912066459655762,-0.4013960063457489,7.793423175811768
1778582572984321979,9.654321979,5.912066459655762,-0.4013960063457489,7.793423175811768
1778582572995096875,9.665096875000001,5.9814581871032715,-0.38703906536102295,7.839485168457031
1778582573005871875,9.675871875,5.9814581871032715,-0.38703906536102295,7.839485168457031
1778582573016646875,9.686646875000001,5.904289722442627,-0.26919254660606384,7.670193195343018
1778582573027421875,9.697421875,5.904289722442627,-0.26919254660606384,7.670193195343018
1778582573038196771,9.708196771,5.872584819793701,-0.3409772217273712,7.797012805938721
1778582573048971771,9.718971771000001,5.872584819793701,-0.3409772217273712,7.797012805938721
1778582573059746771,9.729746771,5.695516109466553,-0.3720839321613312,7.833503246307373
1778582573070521719,9.740521719,5.695516109466553,-0.3720839321613312,7.833503246307373
1778582573081296667,9.751296667,5.766104221343994,-0.4175475537776947,7.763513088226318
1778582573092071667,9.762071667,5.766104221343994,-0.4175475537776947,7.763513088226318
1778582573102846667,9.772846667000001,6.212365627288818,-0.39960137009620667,7.679764270782471
1778582573113621562,9.783621562,6.212365627288818,-0.39960137009620667,7.679764270782471
1778582573124396562,9.794396562000001,6.297310829162598,-0.2763710021972656,7.679764270782471
1778582573135171562,9.805171562,6.297310829162598,-0.2763710021972656,7.679764270782471
1778582573145946562,9.815946562,6.068796634674072,-0.15672987699508667,7.670193195343018
1778582573156721458,9.826721458,6.068796634674072,-0.15672987699508667,7.670193195343018
1778582573167496458,9.837496458,5.980860233306885,-0.16031911969184875,7.861618995666504
1778582573178271458,9.848271458000001,5.980860233306885,-0.16031911969184875,7.861618995666504
1778582573189046354,9.859046354,5.880361557006836,-0.243469700217247,7.8903326988220215
1778582573199821354,9.869821354,5.880361557006836,-0.243469700217247,7.8903326988220215
1778582573210596354,9.880596354000001,5.902495384216309,-0.19740787148475647,7.5942206382751465
1778582573221371302,9.891371302000001,5.902495384216309,-0.19740787148475647,7.5942206382751465
1778582573232146250,9.902146250000001,5.9336018562316895,-0.3248256742954254,7.77607536315918
1778582573242921250,9.91292125,5.9336018562316895,-0.3248256742954254,7.77607536315918
1778582573253696250,9.92369625,6.056233882904053,-0.4821537733078003,7.954938888549805
1778582573264471146,9.934471146,6.030511379241943,-0.5000999569892883,7.923832416534424
1778582573275246146,9.945246146,6.007779598236084,-0.4893322288990021,7.872984886169434
1778582573286021146,9.956021146000001,6.007779598236084,-0.4893322288990021,7.872984886169434
1778582573296796042,9.966796042,6.187241077423096,-0.5144568681716919,7.752147197723389
1778582573307571042,9.977571042000001,6.187241077423096,-0.5144568681716919,7.752147197723389
1778582573318346042,9.988346042,5.9509501457214355,-0.5461617708206177,7.837690353393555
1778582573329120989,9.999120989000001,5.9509501457214355,-0.5461617708206177,7.837690353393555
1778582573339895937,10.009895937000001,5.827719688415527,-0.7776673436164856,8.039285659790039
1778582573350670937,10.020670937,5.909673690795898,-0.7716853022575378,7.920841217041016
1778582573361445937,10.031445937,5.991029739379883,-0.776470959186554,7.737790107727051
1778582573372220833,10.042220833,5.991029739379883,-0.776470959186554,7.737790107727051
1778582573382995833,10.052995833,6.244070529937744,-0.9463613629341125,7.667201995849609
1778582573393770833,10.063770833000001,6.244070529937744,-0.9463613629341125,7.667201995849609
1778582573404545833,10.074545833,6.08195686340332,-1.0869396924972534,7.806583881378174
1778582573415320729,10.085320729000001,6.108277797698975,-1.1383854150772095,7.840083599090576
1778582573426095729,10.096095729,6.084349632263184,-1.113858938217163,7.8041911125183105
1778582573436870729,10.106870729,6.084349632263184,-1.113858938217163,7.8041911125183105
1778582573447645625,10.117645625,5.816951751708984,-0.9912267923355103,7.869993686676025
1778582573458420625,10.128420625,5.816951751708984,-0.9912267923355103,7.869993686676025
1778582573469195625,10.139195625000001,5.732006549835205,-0.9864411354064941,7.814360618591309
1778582573479970573,10.149970573000001,5.732006549835205,-0.9864411354064941,7.814360618591309
1778582573490745521,10.160745521,5.811567783355713,-0.9194421172142029,8.030911445617676
1778582573501520521,10.171520521000001,5.811567783355713,-0.9194421172142029,8.030911445617676
1778582573512295521,10.182295521,6.004788398742676,-0.8602197170257568,7.779066562652588
1778582573523070417,10.193070417000001,6.004788398742676,-0.8602197170257568,7.779066562652588
1778582573533845417,10.203845417,6.196214199066162,-0.833898663520813,7.684549808502197
1778582573544620417,10.214620417,6.196214199066162,-0.833898663520813,7.684549808502197
1778582573555395312,10.225395312,6.3463640213012695,-0.8189435601234436,7.627122402191162
1778582573566170312,10.236170312,6.3463640213012695,-0.8189435601234436,7.627122402191162
1778582573576945312,10.246945312000001,6.006583213806152,-0.7968099117279053,7.668996810913086
1778582573587720312,10.257720312,6.006583213806152,-0.7968099117279053,7.668996810913086
1778582573598495208,10.268495208000001,5.8372907638549805,-0.7585247755050659,7.730013370513916
1778582573609270208,10.279270208,5.8372907638549805,-0.7585247755050659,7.730013370513916
1778582573620045208,10.290045208,5.990431308746338,-0.7381857633590698,7.6977105140686035
1778582573630820156,10.300820156,5.990431308746338,-0.7381857633590698,7.6977105140686035
1778582573641595104,10.311595104,5.854638576507568,-0.646660327911377,7.771289825439453
1778582573652370104,10.322370104,5.86002254486084,-0.605384111404419,7.738986492156982
1778582573663145104,10.333145104000002,5.883950710296631,-0.6083751320838928,7.766504287719727
1778582573673920000,10.34392,5.883950710296631,-0.6083751320838928,7.766504287719727
1778582573684695000,10.354695000000001,5.976074695587158,-0.7202396392822266,7.940581798553467
1778582573695470000,10.36547,5.976074695587158,-0.7202396392822266,7.940581798553467
1778582573706245000,10.376245,6.086742401123047,-0.6837490797042847,7.907082557678223
1778582573717019896,10.387019896,6.086742401123047,-0.6837490797042847,7.907082557678223
1778582573727794896,10.397794896,6.022136211395264,-0.6735795736312866,7.865208148956299
1778582573738569844,10.408569844,6.022136211395264,-0.6735795736312866,7.865208148956299
1778582573749344792,10.419344792,5.832505226135254,-0.6358926296234131,7.871788501739502
1778582573760119792,10.430119792000001,5.694319725036621,-0.6137589812278748,7.844869136810303
1778582573770894792,10.440894792,5.6590256690979,-0.6329016089439392,7.896913051605225
1778582573781669739,10.451669739000002,5.6590256690979,-0.6329016089439392,7.896913051605225
1778582573792444687,10.462444687000001,5.928217887878418,-0.5946164131164551,7.710272789001465
1778582573803219687,10.473219687,5.928217887878418,-0.5946164131164551,7.710272789001465
1778582573813994687,10.483994687000001,6.132206439971924,-0.6711867451667786,7.8903326988220215
1778582573824769583,10.494769583,6.132206439971924,-0.6711867451667786,7.8903326988220215
1778582573835544583,10.505544583,6.0161542892456055,-0.672383189201355,7.884350776672363
1778582573846319583,10.516319583000001,6.0161542892456055,-0.672383189201355,7.884350776672363
1778582573857094479,10.527094479,5.684150218963623,-0.4534398913383484,7.712067604064941
1778582573867869479,10.537869479000001,5.684150218963623,-0.4534398913383484,7.712067604064941
1778582573878644479,10.548644479,6.308078765869141,-0.7262216806411743,7.881359577178955
1778582573889419427,10.559419427,6.308078765869141,-0.7262216806411743,7.881359577178955
1778582573900194375,10.570194375,6.249454498291016,-0.7603194117546082,7.741977691650391
1778582573910969375,10.580969375,6.249454498291016,-0.7603194117546082,7.741977691650391
1778582573921744375,10.591744375000001,6.223133563995361,-0.711864709854126,7.6737823486328125
1778582573932519375,10.602519375,6.223133563995361,-0.711864709854126,7.6737823486328125
1778582573943294271,10.613294271000001,6.1710896492004395,-0.6753742098808289,7.674978733062744
1778582573954069271,10.624069271000002,6.08195686340332,-0.6245267391204834,7.718647480010986
1778582573964844271,10.634844271,5.983851432800293,-0.6711867451667786,7.667201995849609
1778582573975619167,10.645619167000001,5.983851432800293,-0.6711867451667786,7.667201995849609
